<ShaderNodePreset SupportsAdaptiveDegradation="False" SupportsAction="False" SupportsTransition="False" SupportsTimeline="False" MatteProvider="False" TimelineUseBack="True" ShaderType="Matchbox" SoftwareVersion="2016.0.0" Name="Baldavenger_ACES" LimitInputsToTexture="True">
  <Shader OutputBitDepth="Output" Index="1">
    <Uniform Index="0" NoInput="Error" Mipmaps="False"
	     GL_TEXTURE_WRAP_T="GL_REPEAT"
	     GL_TEXTURE_WRAP_S="GL_REPEAT"
	     GL_TEXTURE_MAG_FILTER="GL_LINEAR"
	     GL_TEXTURE_MIN_FILTER="GL_LINEAR" Type="sampler2D"
	     Tooltip="" DisplayName="Front" Name="front"
	     InputType="Front">
    </Uniform>
    <Uniform Name="p_Exposure" Type="float" DisplayName="Exposure" Page="0" Col="1" Row="0" Tooltip="" Inc="0.01" Default="0" Min="-10.0" Max="10.0" ResDependent="None">
      </Uniform>
    <Uniform Default="0" ValueType="Popup"
	     Tooltip="IDT"
	     Row="0" Col="0" Page="0" Type="int"
	     DisplayName="IDT" Name="p_IDT">
         <PopupEntry Title="Bypass" Value="0">
         </PopupEntry>
         <PopupEntry Title="ACEScc_to_ACES" Value="1">
         </PopupEntry>
	 	 <PopupEntry Title="ACEScct_to_ACES" Value="2">
         </PopupEntry>
         <PopupEntry Title="ACEScg_to_ACES" Value="3">
         </PopupEntry>
	 	 <PopupEntry Title="Rec709" Value="4">
         </PopupEntry>
         <PopupEntry Title="sRGB" Value="5">
         </PopupEntry>
         <PopupEntry Title="Alexa_v3_logC_EI800" Value="6">
         </PopupEntry>
	 	 <PopupEntry Title="REDWideGamutRGB_Log3G10" Value="7">
         </PopupEntry>
	 	 <PopupEntry Title="Panasonic_V35" Value="8">
         </PopupEntry>
         <PopupEntry Title="Sony_SLog1_SGamut_10" Value="9">
         </PopupEntry>
         <PopupEntry Title="Sony_SLog2_SGamut_Daylight_10" Value="10">
         </PopupEntry>
	 	 <PopupEntry Title="Sony_SLog2_SGamut_Tungsten_10" Value="11">
         </PopupEntry>
	 	 <PopupEntry Title="Sony_SLog3_SGamut3" Value="12">
         </PopupEntry>
         <PopupEntry Title="Sony_SLog3_SGamut3Cine" Value="13">
         </PopupEntry>
    </Uniform>
    <Uniform Default="0" ValueType="Popup"
	     Tooltip="LMT"
	     Row="1" Col="0" Page="0" Type="int"
	     DisplayName="LMT" Name="p_LMT">
         <PopupEntry Title="Bypass" Value="0">
         </PopupEntry>
         <PopupEntry Title="Print Film Emulation" Value="1">
         </PopupEntry>
	 <PopupEntry Title="Bleach Bypass" Value="2">
         </PopupEntry>
	 <PopupEntry Title="BlueLight Artifact Fix" Value="3">
         </PopupEntry>
    </Uniform>
    <Uniform Default="0" ValueType="Popup"
	     Tooltip="RRT"
	     Row="2" Col="0" Page="0" Type="int"
	     DisplayName="RRT" Name="p_RRT">
         <PopupEntry Title="Bypass" Value="0">
         </PopupEntry>
         <PopupEntry Title="Enable RRT" Value="1">
         </PopupEntry>
    </Uniform>
    <Uniform Default="0" ValueType="Popup"
	     Tooltip="ODT"
	     Row="3" Col="0" Page="0" Type="int"
	     DisplayName="ODT" Name="p_ODT">
         <PopupEntry Title="Bypass" Value="0">
         </PopupEntry>
         <PopupEntry Title="Rec709_100nits_dim" Value="1">
         </PopupEntry>
	 	 <PopupEntry Title="sRGB_100nits_dim" Value="2">
         </PopupEntry>
         <PopupEntry Title="Rec2020_100nits_dim" Value="3">
         </PopupEntry>
	 	 <PopupEntry Title="P3DCI_48nits" Value="4">
         </PopupEntry>
         <PopupEntry Title="RRTODT_Rec709_100nits_10nits_BT1886" Value="5">
         </PopupEntry>
    </Uniform>
  </Shader>
  <Page Name="Options" Page="0">
      <Col Name="ACES" Col="0" Page="0">
      </Col>
   </Page>
</ShaderNodePreset>